{"accuracy": [0.6039263010025024, 0.8598051071166992, 0.9122412800788879, 0.9373354911804199, 0.9531829953193665, 0.9628992080688477, 0.9692581295967102, 0.9760864973068237, 0.9790027737617493, 0.9809944033622742], "loss": [1.3348662853240967, 0.4440043270587921, 0.26934537291526794, 0.19004611670970917, 0.14117078483104706, 0.11157994717359543, 0.09081584960222244, 0.07288717478513718, 0.06535369157791138, 0.05748686566948891], "val_accuracy": [0.8425335884094238, 0.9003528356552124, 0.9012064933776855, 0.9421807527542114, 0.9431481957435608, 0.9510015845298767, 0.9513430595397949, 0.9395060539245605, 0.9448554515838623, 0.959822416305542], "val_loss": [0.49995213747024536, 0.3168754279613495, 0.3037075102329254, 0.1847471445798874, 0.19039367139339447, 0.15855374932289124, 0.16284653544425964, 0.20663924515247345, 0.1998632848262787, 0.13417765498161316]}